{
  "background": "#f9f9f9",
  "brand": "#ffacb7",
  "secondary": "#ffe0ac",
  "focus": "#ffacb7",
  "text": "#6886c5",

  "calendar": {
    "today": {
      "background": "#ffe0ac",
      "text": "#6886c5"
    },
    "day": {
      "background": "#f9f9f9",
      "text": "#6886c5",
      "border": "#ccc"
    },
    "past": {
      "background": "#e9e9e9",
      "text": "#6886c5",
      "border": "grey"
    },
    "empty": {
      "background": "#f9f9f9"
    },
    "weekdays": {
      "background": "white",
      "text": "#6886c5"
    },
    "event": {
      "background": "#ffacb7",
      "text": "#6886c5"
    },
    "past-event": {
      "background": "#ccc",
      "text": "#6886c5"
    },
    "modal": {
      "text": "#6886c5",
      "separator": "#ccc",
      "background": "white"
    }
  }
}
